{
    "1963-01": {
        "AverageMaxTemperature": -9.677419354838712,
        "AverageMinTemperature": -20.33870967741935,
        "AveragePrecipitation": 0.1196774193548387,
        "AverageSnowfall": 1.4354838709677418
    },
    "1963-02": {
        "AverageMaxTemperature": -3.317857142857142,
        "AverageMinTemperature": -11.31785714285714,
        "AveragePrecipitation": 0.08249999999999999,
        "AverageSnowfall": 0.8071428571428573
    },
    "1963-03": {
        "AverageMaxTemperature": 1.8387096774193548,
        "AverageMinTemperature": -5.858064516129032,
        "AveragePrecipitation": 0.05129032258064516,
        "AverageSnowfall": 0.3290322580645161
    },
    "1963-04": {
        "AverageMaxTemperature": 10.360000000000001,
        "AverageMinTemperature": -0.8533333333333338,
        "AveragePrecipitation": 0.06966666666666667,
        "AverageSnowfall": 0.45000000000000007
    },
    "1963-05": {
        "AverageMaxTemperature": 15.425806451612907,
        "AverageMinTemperature": 4.029032258064516,
        "AveragePrecipitation": 0.10451612903225806,
        "AverageSnowfall": 0.43548387096774194
    },
    "1963-06": {
        "AverageMaxTemperature": 21.219999999999995,
        "AverageMinTemperature": 9.073333333333334,
        "AveragePrecipitation": 0.18333333333333338,
        "AverageSnowfall": 0.0
    },
    "1963-07": {
        "AverageMaxTemperature": 24.31290322580646,
        "AverageMinTemperature": 12.529032258064515,
        "AveragePrecipitation": 0.2106451612903226,
        "AverageSnowfall": 0.0
    },
    "1963-08": {
        "AverageMaxTemperature": 23.45161290322581,
        "AverageMinTemperature": 11.070967741935485,
        "AveragePrecipitation": 0.08935483870967742,
        "AverageSnowfall": 0.0
    },
    "1963-09": {
        "AverageMaxTemperature": 21.18333333333333,
        "AverageMinTemperature": 8.54666666666667,
        "AveragePrecipitation": 0.112,
        "AverageSnowfall": 0.0
    },
    "1963-10": {
        "AverageMaxTemperature": 14.903225806451612,
        "AverageMinTemperature": 1.9741935483870965,
        "AveragePrecipitation": 0.04096774193548387,
        "AverageSnowfall": 0.0
    },
    "1963-11": {
        "AverageMaxTemperature": -1.263333333333334,
        "AverageMinTemperature": -10.326666666666666,
        "AveragePrecipitation": 0.028999999999999995,
        "AverageSnowfall": 0.26999999999999996
    },
    "1963-12": {
        "AverageMaxTemperature": -5.20322580645161,
        "AverageMinTemperature": -13.632258064516128,
        "AveragePrecipitation": 0.03258064516129032,
        "AverageSnowfall": 0.6451612903225806
    }
}