{
    "1972-01": {
        "AverageMaxTemperature": -12.487096774193548,
        "AverageMinTemperature": -22.022580645161288,
        "AveragePrecipitation": 0.06838709677419354,
        "AverageSnowfall": 0.7774193548387097
    },
    "1972-02": {
        "AverageMaxTemperature": -11.313793103448273,
        "AverageMinTemperature": -18.217241379310344,
        "AveragePrecipitation": 0.10379310344827589,
        "AverageSnowfall": 1.1
    },
    "1972-03": {
        "AverageMaxTemperature": 0.3451612903225799,
        "AverageMinTemperature": -7.858064516129031,
        "AveragePrecipitation": 0.14483870967741935,
        "AverageSnowfall": 0.7838709677419355
    },
    "1972-04": {
        "AverageMaxTemperature": 9.113333333333335,
        "AverageMinTemperature": -1.9633333333333343,
        "AveragePrecipitation": 0.11666666666666668,
        "AverageSnowfall": 0.7133333333333334
    },
    "1972-05": {
        "AverageMaxTemperature": 18.509677419354837,
        "AverageMinTemperature": 7.199999999999999,
        "AveragePrecipitation": 0.18161290322580648,
        "AverageSnowfall": 0.03225806451612903
    },
    "1972-06": {
        "AverageMaxTemperature": 20.930000000000003,
        "AverageMinTemperature": 10.843333333333332,
        "AveragePrecipitation": 0.3753333333333332,
        "AverageSnowfall": 0.0
    },
    "1972-07": {
        "AverageMaxTemperature": 19.85161290322581,
        "AverageMinTemperature": 10.290322580645162,
        "AveragePrecipitation": 0.16290322580645164,
        "AverageSnowfall": 0.0
    },
    "1972-08": {
        "AverageMaxTemperature": 23.551612903225813,
        "AverageMinTemperature": 12.8,
        "AveragePrecipitation": 0.24967741935483875,
        "AverageSnowfall": 0.0
    },
    "1972-09": {
        "AverageMaxTemperature": 11.533333333333331,
        "AverageMinTemperature": 2.2799999999999994,
        "AveragePrecipitation": 0.12533333333333335,
        "AverageSnowfall": 0.26999999999999996
    },
    "1972-10": {
        "AverageMaxTemperature": 9.541935483870967,
        "AverageMinTemperature": -1.293548387096774,
        "AveragePrecipitation": 0.04129032258064516,
        "AverageSnowfall": 0.15161290322580642
    },
    "1972-11": {
        "AverageMaxTemperature": -0.11000000000000013,
        "AverageMinTemperature": -5.723333333333333,
        "AveragePrecipitation": 0.07300000000000001,
        "AverageSnowfall": 0.8166666666666667
    },
    "1972-12": {
        "AverageMaxTemperature": -9.64193548387097,
        "AverageMinTemperature": -17.835483870967735,
        "AveragePrecipitation": 0.056129032258064517,
        "AverageSnowfall": 0.7967741935483872
    }
}