{
    "1976-01": {
        "AverageMaxTemperature": -5.383870967741936,
        "AverageMinTemperature": -14.138709677419351,
        "AveragePrecipitation": 0.04967741935483872,
        "AverageSnowfall": 0.5258064516129034
    },
    "1976-02": {
        "AverageMaxTemperature": -1.7344827586206895,
        "AverageMinTemperature": -11.303448275862069,
        "AveragePrecipitation": 0.0810344827586207,
        "AverageSnowfall": 0.9551724137931036
    },
    "1976-03": {
        "AverageMaxTemperature": 1.8645161290322583,
        "AverageMinTemperature": -8.222580645161292,
        "AveragePrecipitation": 0.03290322580645162,
        "AverageSnowfall": 0.3645161290322581
    },
    "1976-04": {
        "AverageMaxTemperature": 14.463333333333333,
        "AverageMinTemperature": 1.53,
        "AveragePrecipitation": 0.04266666666666667,
        "AverageSnowfall": 0.11
    },
    "1976-05": {
        "AverageMaxTemperature": 19.529032258064515,
        "AverageMinTemperature": 6.4548387096774205,
        "AveragePrecipitation": 0.0532258064516129,
        "AverageSnowfall": 0.0
    },
    "1976-06": {
        "AverageMaxTemperature": 19.60666666666667,
        "AverageMinTemperature": 7.963333333333333,
        "AveragePrecipitation": 0.30266666666666675,
        "AverageSnowfall": 0.0
    },
    "1976-07": {
        "AverageMaxTemperature": 23.706451612903226,
        "AverageMinTemperature": 12.0258064516129,
        "AveragePrecipitation": 0.09548387096774195,
        "AverageSnowfall": 0.0
    },
    "1976-08": {
        "AverageMaxTemperature": 23.40322580645161,
        "AverageMinTemperature": 12.761290322580647,
        "AveragePrecipitation": 0.42935483870967744,
        "AverageSnowfall": 0.0
    },
    "1976-09": {
        "AverageMaxTemperature": 19.826666666666664,
        "AverageMinTemperature": 7.313333333333333,
        "AveragePrecipitation": 0.09666666666666666,
        "AverageSnowfall": 0.0
    },
    "1976-10": {
        "AverageMaxTemperature": 10.48709677419355,
        "AverageMinTemperature": 0.08387096774193545,
        "AveragePrecipitation": 0.030322580645161287,
        "AverageSnowfall": 0.00967741935483871
    },
    "1976-11": {
        "AverageMaxTemperature": 5.119999999999999,
        "AverageMinTemperature": -5.683333333333333,
        "AveragePrecipitation": 0.012333333333333333,
        "AverageSnowfall": 0.09666666666666666
    },
    "1976-12": {
        "AverageMaxTemperature": -2.92258064516129,
        "AverageMinTemperature": -12.206451612903225,
        "AveragePrecipitation": 0.13451612903225807,
        "AverageSnowfall": 1.4806451612903218
    }
}