{
    "1983-01": {
        "AverageMaxTemperature": -3.8709677419354844,
        "AverageMinTemperature": -13.03225806451613,
        "AveragePrecipitation": 0.01129032258064516,
        "AverageSnowfall": 0.1193548387096774
    },
    "1983-02": {
        "AverageMaxTemperature": -2.3392857142857144,
        "AverageMinTemperature": -10.689285714285717,
        "AveragePrecipitation": 0.048214285714285716,
        "AverageSnowfall": 0.6642857142857143
    },
    "1983-03": {
        "AverageMaxTemperature": 0.4935483870967741,
        "AverageMinTemperature": -6.451612903225805,
        "AveragePrecipitation": 0.060000000000000005,
        "AverageSnowfall": 0.4774193548387097
    },
    "1983-04": {
        "AverageMaxTemperature": 11.866666666666664,
        "AverageMinTemperature": 0.29999999999999993,
        "AveragePrecipitation": 0.03966666666666666,
        "AverageSnowfall": 0.18000000000000002
    },
    "1983-05": {
        "AverageMaxTemperature": 17.409677419354836,
        "AverageMinTemperature": 5.20967741935484,
        "AveragePrecipitation": 0.021935483870967745,
        "AverageSnowfall": 0.0
    },
    "1983-06": {
        "AverageMaxTemperature": 20.57666666666667,
        "AverageMinTemperature": 9.610000000000001,
        "AveragePrecipitation": 0.6276666666666666,
        "AverageSnowfall": 0.0
    },
    "1983-07": {
        "AverageMaxTemperature": 23.045161290322582,
        "AverageMinTemperature": 12.835483870967742,
        "AveragePrecipitation": 0.24967741935483864,
        "AverageSnowfall": 0.0
    },
    "1983-08": {
        "AverageMaxTemperature": 25.4,
        "AverageMinTemperature": 12.600000000000003,
        "AveragePrecipitation": 0.04258064516129032,
        "AverageSnowfall": 0.0
    },
    "1983-09": {
        "AverageMaxTemperature": 14.93,
        "AverageMinTemperature": 4.556666666666667,
        "AveragePrecipitation": 0.144,
        "AverageSnowfall": 0.1
    },
    "1983-10": {
        "AverageMaxTemperature": 11.803225806451614,
        "AverageMinTemperature": 0.7612903225806451,
        "AveragePrecipitation": 0.061290322580645165,
        "AverageSnowfall": 0.2967741935483871
    },
    "1983-11": {
        "AverageMaxTemperature": 0.09666666666666662,
        "AverageMinTemperature": -5.909999999999999,
        "AveragePrecipitation": 0.054000000000000006,
        "AverageSnowfall": 0.55
    },
    "1983-12": {
        "AverageMaxTemperature": -13.580645161290319,
        "AverageMinTemperature": -21.5258064516129,
        "AveragePrecipitation": 0.05129032258064516,
        "AverageSnowfall": 0.5387096774193548
    }
}