{
    "1987-01": {
        "AverageMaxTemperature": 0.34838709677419355,
        "AverageMinTemperature": -9.341935483870968,
        "AveragePrecipitation": 0.01741935483870968,
        "AverageSnowfall": 0.11612903225806452
    },
    "1987-02": {
        "AverageMaxTemperature": 0.8214285714285706,
        "AverageMinTemperature": -7.396428571428571,
        "AveragePrecipitation": 0.02642857142857143,
        "AverageSnowfall": 0.2642857142857143
    },
    "1987-03": {
        "AverageMaxTemperature": -0.4870967741935484,
        "AverageMinTemperature": -8.593548387096773,
        "AveragePrecipitation": 0.0774193548387097,
        "AverageSnowfall": 0.7741935483870968
    },
    "1987-04": {
        "AverageMaxTemperature": 14.513333333333332,
        "AverageMinTemperature": 1.3466666666666667,
        "AveragePrecipitation": 0.07466666666666667,
        "AverageSnowfall": 0.08666666666666667
    },
    "1987-05": {
        "AverageMaxTemperature": 18.91935483870968,
        "AverageMinTemperature": 5.8161290322580665,
        "AveragePrecipitation": 0.2529032258064516,
        "AverageSnowfall": 0.3290322580645161
    },
    "1987-06": {
        "AverageMaxTemperature": 22.71666666666666,
        "AverageMinTemperature": 11.113333333333333,
        "AveragePrecipitation": 0.13333333333333333,
        "AverageSnowfall": 0.0
    },
    "1987-07": {
        "AverageMaxTemperature": 23.080645161290324,
        "AverageMinTemperature": 11.838709677419354,
        "AveragePrecipitation": 0.3916129032258065,
        "AverageSnowfall": 0.0
    },
    "1987-08": {
        "AverageMaxTemperature": 18.477419354838712,
        "AverageMinTemperature": 8.912903225806451,
        "AveragePrecipitation": 0.23903225806451614,
        "AverageSnowfall": 0.0
    },
    "1987-09": {
        "AverageMaxTemperature": 20.11666666666667,
        "AverageMinTemperature": 7.573333333333333,
        "AveragePrecipitation": 0.22266666666666662,
        "AverageSnowfall": 0.0
    },
    "1987-10": {
        "AverageMaxTemperature": 12.55161290322581,
        "AverageMinTemperature": 1.2709677419354841,
        "AveragePrecipitation": 0.016129032258064516,
        "AverageSnowfall": 0.0
    },
    "1987-11": {
        "AverageMaxTemperature": 5.5566666666666675,
        "AverageMinTemperature": -3.38,
        "AveragePrecipitation": 0.012000000000000002,
        "AverageSnowfall": 0.1
    },
    "1987-12": {
        "AverageMaxTemperature": 0.43870967741935496,
        "AverageMinTemperature": -8.490322580645163,
        "AveragePrecipitation": 0.02258064516129032,
        "AverageSnowfall": 0.25806451612903225
    }
}