{
    "1997-01": {
        "AverageMaxTemperature": -10.209677419354838,
        "AverageMinTemperature": -19.98709677419355,
        "AveragePrecipitation": 0.03322580645161291,
        "AverageSnowfall": 0.29354838709677417
    },
    "1997-02": {
        "AverageMaxTemperature": 0.47857142857142865,
        "AverageMinTemperature": -9.325000000000001,
        "AveragePrecipitation": 0.03214285714285715,
        "AverageSnowfall": 0.3285714285714286
    },
    "1997-03": {
        "AverageMaxTemperature": -0.641935483870967,
        "AverageMinTemperature": -9.787096774193548,
        "AveragePrecipitation": 0.07483870967741936,
        "AverageSnowfall": 0.7677419354838709
    },
    "1997-04": {
        "AverageMaxTemperature": 8.476666666666667,
        "AverageMinTemperature": -2.98,
        "AveragePrecipitation": 0.12533333333333335,
        "AverageSnowfall": 0.28
    },
    "1997-05": {
        "AverageMaxTemperature": 16.700000000000003,
        "AverageMinTemperature": 5.632258064516129,
        "AveragePrecipitation": 0.20967741935483866,
        "AverageSnowfall": 0.8451612903225806
    },
    "1997-06": {
        "AverageMaxTemperature": 20.493333333333332,
        "AverageMinTemperature": 10.680000000000001,
        "AveragePrecipitation": 0.42066666666666663,
        "AverageSnowfall": 0.0
    },
    "1997-07": {
        "AverageMaxTemperature": 22.870967741935488,
        "AverageMinTemperature": 11.987096774193548,
        "AveragePrecipitation": 0.17096774193548386,
        "AverageSnowfall": 0.0
    },
    "1997-08": {
        "AverageMaxTemperature": 22.8258064516129,
        "AverageMinTemperature": 11.332258064516127,
        "AveragePrecipitation": 0.16967741935483868,
        "AverageSnowfall": 0.0
    },
    "1997-09": {
        "AverageMaxTemperature": 18.716666666666665,
        "AverageMinTemperature": 7.5733333333333315,
        "AveragePrecipitation": 0.2566666666666666,
        "AverageSnowfall": 0.0
    },
    "1997-10": {
        "AverageMaxTemperature": 8.39032258064516,
        "AverageMinTemperature": -0.24838709677419363,
        "AveragePrecipitation": 0.12000000000000001,
        "AverageSnowfall": 0.3096774193548388
    },
    "1997-11": {
        "AverageMaxTemperature": 3.0800000000000005,
        "AverageMinTemperature": -5.449999999999999,
        "AveragePrecipitation": 0.012666666666666665,
        "AverageSnowfall": 0.08
    },
    "1997-12": {
        "AverageMaxTemperature": 2.2161290322580642,
        "AverageMinTemperature": -6.948387096774194,
        "AveragePrecipitation": 0.006451612903225806,
        "AverageSnowfall": 0.11612903225806452
    }
}