{
    "2008-01": {
        "AverageMaxTemperature": -6.16,
        "AverageMinTemperature": -16.94666666666667,
        "AveragePrecipitation": 0.02333333333333333,
        "AverageSnowfall": 0.0
    },
    "2008-02": {
        "AverageMaxTemperature": 1.3,
        "AverageMinTemperature": -12.508333333333333,
        "AveragePrecipitation": 0.04583333333333334,
        "AverageSnowfall": 0.0
    },
    "2008-03": {
        "AverageMaxTemperature": 5.1944444444444455,
        "AverageMinTemperature": -6.316666666666666,
        "AveragePrecipitation": 0.05333333333333333,
        "AverageSnowfall": 0.0
    },
    "2008-04": {
        "AverageMaxTemperature": 7.1499999999999995,
        "AverageMinTemperature": -4.8,
        "AveragePrecipitation": 0.16749999999999998,
        "AverageSnowfall": 0.0
    },
    "2008-05": {
        "AverageMaxTemperature": 19.425,
        "AverageMinTemperature": 6.0249999999999995,
        "AveragePrecipitation": 0.14875,
        "AverageSnowfall": 0.0
    },
    "2008-06": {
        "AverageMaxTemperature": 22.14666666666667,
        "AverageMinTemperature": 9.546666666666665,
        "AveragePrecipitation": 0.11133333333333334,
        "AverageSnowfall": 0.0
    },
    "2008-07": {
        "AverageMaxTemperature": 25.05384615384615,
        "AverageMinTemperature": 11.86153846153846,
        "AveragePrecipitation": 0.3892307692307692,
        "AverageSnowfall": 0.0
    },
    "2008-08": {
        "AverageMaxTemperature": 24.671428571428574,
        "AverageMinTemperature": 10.707142857142856,
        "AveragePrecipitation": 0.08714285714285716,
        "AverageSnowfall": 0.0
    },
    "2008-09": {
        "AverageMaxTemperature": 19.454545454545457,
        "AverageMinTemperature": 4.509090909090909,
        "AveragePrecipitation": 0.15454545454545454,
        "AverageSnowfall": 0.0
    },
    "2008-10": {
        "AverageMaxTemperature": 14.833333333333334,
        "AverageMinTemperature": 0.8904761904761903,
        "AveragePrecipitation": 0.0380952380952381,
        "AverageSnowfall": 0.0
    },
    "2008-11": {
        "AverageMaxTemperature": 8.092857142857143,
        "AverageMinTemperature": -4.171428571428572,
        "AveragePrecipitation": 0.014285714285714287,
        "AverageSnowfall": 0.0
    },
    "2008-12": {
        "AverageMaxTemperature": -9.091666666666667,
        "AverageMinTemperature": -19.458333333333336,
        "AveragePrecipitation": 0.0375,
        "AverageSnowfall": 0.0
    }
}