{
    "2012-01": {
        "AverageMaxTemperature": 0.39999999999999986,
        "AverageMinTemperature": -11.399999999999999,
        "AveragePrecipitation": 0.041666666666666664,
        "AverageSnowfall": 0.0
    },
    "2012-02": {
        "AverageMaxTemperature": 0.8500000000000002,
        "AverageMinTemperature": -10.972222222222221,
        "AveragePrecipitation": 0.01666666666666667,
        "AverageSnowfall": 0.0
    },
    "2012-03": {
        "AverageMaxTemperature": 5.220000000000001,
        "AverageMinTemperature": -5.986666666666666,
        "AveragePrecipitation": 0.02666666666666667,
        "AverageSnowfall": 0.0
    },
    "2012-04": {
        "AverageMaxTemperature": 12.016666666666666,
        "AverageMinTemperature": -1.0333333333333332,
        "AveragePrecipitation": 0.09333333333333334,
        "AverageSnowfall": 0.0
    },
    "2012-05": {
        "AverageMaxTemperature": 18.241176470588233,
        "AverageMinTemperature": 5.08235294117647,
        "AveragePrecipitation": 0.23058823529411768,
        "AverageSnowfall": 0.0
    },
    "2012-06": {
        "AverageMaxTemperature": 22.694117647058825,
        "AverageMinTemperature": 9.964705882352941,
        "AveragePrecipitation": 0.09470588235294118,
        "AverageSnowfall": 0.0
    },
    "2012-07": {
        "AverageMaxTemperature": 26.499999999999996,
        "AverageMinTemperature": 14.150000000000004,
        "AveragePrecipitation": 0.2614285714285714,
        "AverageSnowfall": 0.0
    },
    "2012-08": {
        "AverageMaxTemperature": 26.158333333333328,
        "AverageMinTemperature": 12.966666666666667,
        "AveragePrecipitation": 0.2125,
        "AverageSnowfall": 0.0
    },
    "2012-09": {
        "AverageMaxTemperature": 21.63571428571429,
        "AverageMinTemperature": 6.757142857142858,
        "AveragePrecipitation": 0.02142857142857143,
        "AverageSnowfall": 0.0
    },
    "2012-10": {
        "AverageMaxTemperature": 5.542105263157895,
        "AverageMinTemperature": -3.9947368421052634,
        "AveragePrecipitation": 0.06263157894736841,
        "AverageSnowfall": 0.0
    },
    "2012-11": {
        "AverageMaxTemperature": -1.5999999999999999,
        "AverageMinTemperature": -11.383333333333335,
        "AveragePrecipitation": 0.016666666666666666,
        "AverageSnowfall": 0.0
    },
    "2012-12": {
        "AverageMaxTemperature": -10.685714285714285,
        "AverageMinTemperature": -20.15,
        "AveragePrecipitation": 0.04285714285714286,
        "AverageSnowfall": 0.0
    }
}