{
    "2024-01": {
        "AverageMaxTemperature": -3.4333333333333336,
        "AverageMinTemperature": -13.25,
        "AveragePrecipitation": 0.006666666666666667,
        "AverageSnowfall": 0.0
    }
}